id,date,content,url,likes,retweets,reply_count,hashtags,media_type,media_url,media_path
s1593741479335587840,2022-11-18 23:02:33+00:00,"When you open a Starbucks Reserve¬Æ store in an NYC landmark, you celebrate with an NYC icon. @aliciakeys joined us for the lighting ceremony‚Äîthe first of many unforgettable experiences here at the @EmpireStateBldg. Hope to see you soon. ‚ú® #StarbucksReserve #AliciaSantaBaby https://t.co/QnaIZCLHpq",https://twitter.com/Starbucks/status/1593741479335587840,1140,178,438,"['StarbucksReserve', 'AliciaSantaBaby']",video,https://video.twimg.com/ext_tw_video/1593741358505902081/pu/vid/480x770/hWppoWvsI9Gfd_n1.mp4?tag=12,Starbucks_media/s1593741479335587840.mp4
s1593640582798352384,2022-11-18 16:21:38+00:00,"A gift that lasts all year round. The next time you use any reusable cup at Starbucks, including the Red Cup, you‚Äôll get 25 Bonus Stars. üåü 

*At participating stores on in-store beverage purchases (max 3x/day). For benefit, you must have made at least 1 Star earning transaction. https://t.co/CNSuvdQ4PL",https://twitter.com/Starbucks/status/1593640582798352384,1374,214,505,,video,https://video.twimg.com/ext_tw_video/1593639457999159296/pu/vid/540x540/MTPtNGTt9swV6407.mp4?tag=12,Starbucks_media/s1593640582798352384.mp4
s1592880391316471808,2022-11-16 14:00:54+00:00,"A gift you can open right away. üéÅ #RedCupDay is November 17th!

Get your limited-edition Reusable Red Cup with the purchase of any holiday handcrafted beverage. Quantities are limited, while supplies last, at participating US &amp; Canada stores. https://t.co/AZrtgH9tmE",https://twitter.com/Starbucks/status/1592880391316471808,2529,438,351,['RedCupDay'],photo,https://pbs.twimg.com/media/FhsK_HwaYAAv3--?format=jpg&name=large,Starbucks_media/s1592880391316471808.jpg
s1592547977079373824,2022-11-15 16:00:00+00:00,"See you soon, Red Cup Crew. üéÑ #RedCupDay https://t.co/SZahoRn8LA",https://twitter.com/Starbucks/status/1592547977079373824,1961,267,168,['RedCupDay'],photo,https://pbs.twimg.com/media/FhPcZk3aYAARl5E?format=jpg&name=large,Starbucks_media/s1592547977079373824.jpg
s1592185597673672705,2022-11-14 16:00:02+00:00,Your holiday dreams crumb true. ‚ú® Iced Sugar Cookie Almondmilk Latte https://t.co/tI7G58UjeG,https://twitter.com/Starbucks/status/1592185597673672705,2675,299,148,,photo,https://pbs.twimg.com/media/FhPa3xHaMAEb4DE?format=jpg&name=large,Starbucks_media/s1592185597673672705.jpg
s1590736039202766850,2022-11-10 16:00:00+00:00,"Thankful to celebrate each season with you. üíö Here's to 25 years of holiday cup cheer!  

With amandakammarada, heleneinbetween, trishaglass, lisa.boettcher, mariah_of_mainstreet, chalkfulloflove, jenpixi (all on IG) and so many more. https://t.co/hsgvjif6aV",https://twitter.com/Starbucks/status/1590736039202766850,1598,215,107,,video,https://video.twimg.com/ext_tw_video/1590493631932428288/pu/vid/720x720/cJjfsPT2RT5l5CPi.mp4?tag=12,Starbucks_media/s1590736039202766850.mp4
s1590373655367671809,2022-11-09 16:00:01+00:00,Setting the bar high. ü§ç Toasted White Chocolate Mocha https://t.co/24coeMzFAZ,https://twitter.com/Starbucks/status/1590373655367671809,1870,172,119,,photo,https://pbs.twimg.com/media/FhABCJragAEiRca?format=jpg&name=large,Starbucks_media/s1590373655367671809.jpg
s1589703520848347139,2022-11-07 19:37:09+00:00,Swirling into the season with Peppermint Mocha. https://t.co/I9qN0bhwZZ,https://twitter.com/Starbucks/status/1589703520848347139,2456,261,104,,photo,https://pbs.twimg.com/media/Fg_CvYDaMAAcYig?format=jpg&name=large,Starbucks_media/s1589703520848347139.jpg
s1588546621603827712,2022-11-04 15:00:03+00:00,Together at last‚Ä¶ üíö https://t.co/9or5pO89aI,https://twitter.com/Starbucks/status/1588546621603827712,7517,760,299,,photo,https://pbs.twimg.com/media/Fgsy8j0acAA1udW?format=jpg&name=large,Starbucks_media/s1588546621603827712.jpg
s1588154775480279041,2022-11-03 13:02:59+00:00,"Fave drinks, fave people: the holidays are here. https://t.co/AjTyS72iAU",https://twitter.com/Starbucks/status/1588154775480279041,5768,709,324,,photo,https://pbs.twimg.com/media/FgpCF0BXEAAU23C?format=jpg&name=large,Starbucks_media/s1588154775480279041.jpg
s1587791655390023681,2022-11-02 13:00:05+00:00,Let the countdown begin. ‚ú® The holidays are back on November 3rd at Starbucks. https://t.co/p48K0nDvco,https://twitter.com/Starbucks/status/1587791655390023681,19107,2221,679,,photo,https://pbs.twimg.com/media/Fgj3wC5agAA0i7B?format=jpg&name=large,Starbucks_media/s1587791655390023681.jpg
s1577312598600605700,2022-10-04 15:00:03+00:00,"Our Latinx partners (employees) are helping build stronger and kinder communities for all. This #LatinxHeritageMonth, join them in supporting @FriendsSoCal. Help impact generational change by empowering youth with professional mentors. Get involved at https://t.co/8TaKLM8O2v https://t.co/xH0DocOE4L",https://twitter.com/Starbucks/status/1577312598600605700,195,26,328,['LatinxHeritageMonth'],photo,https://pbs.twimg.com/media/FeLezEcXEAACm5B?format=jpg&name=large,Starbucks_media/s1577312598600605700.jpg
s1575863048811663363,2022-09-30 15:00:03+00:00,Now the wedding party is complete. https://t.co/gFMXfw4Myw,https://twitter.com/Starbucks/status/1575863048811663363,557,46,50,,photo,https://pbs.twimg.com/media/Fd2Q6yFX0AENAwA?format=jpg&name=large,Starbucks_media/s1575863048811663363.jpg
s1575500646802784260,2022-09-29 15:00:00+00:00,Happy #NationalCoffeeDay! https://t.co/uXiafNVFSg,https://twitter.com/Starbucks/status/1575500646802784260,1506,268,156,['NationalCoffeeDay'],photo,https://pbs.twimg.com/media/FdxWeS-XoAEBJEH?format=jpg&name=large,Starbucks_media/s1575500646802784260.jpg
s1569341345755439106,2022-09-12 15:05:08+00:00,Make Fall your own. Try your Iced Chai Tea Latte with Pumpkin Cream Cold Foam. üçÇ https://t.co/5hwpCVgIOd,https://twitter.com/Starbucks/status/1569341345755439106,792,71,85,,photo,https://pbs.twimg.com/media/FcdrZQeXoAMY7Up?format=jpg&name=large,Starbucks_media/s1569341345755439106.jpg
s1568252892057948161,2022-09-09 15:00:00+00:00,The Pumpkin Spice Frappuccino¬Æ Drink knows how to make an entrance. ü™Ñ https://t.co/BUyRTT7vlB,https://twitter.com/Starbucks/status/1568252892057948161,900,144,77,,video,https://video.twimg.com/ext_tw_video/1568002822125363200/pu/vid/720x720/rTeAzv75S8gRSJJb.mp4?tag=12,Starbucks_media/s1568252892057948161.mp4
s1567528243254657025,2022-09-07 15:00:31+00:00,Sink deeper into Fall. üçé Order the Iced Apple Crisp Oatmilk Macchiato today. https://t.co/yHBNWimGhj,https://twitter.com/Starbucks/status/1567528243254657025,748,103,59,,video,https://video.twimg.com/ext_tw_video/1567254912165199874/pu/vid/320x320/dTAirDf8vI1jys3y.mp4?tag=12,Starbucks_media/s1567528243254657025.mp4
s1565716317822386178,2022-09-02 15:00:34+00:00,Paint the city pumpkin with a PSL. üé®üéÉüíö https://t.co/BGxZHI0K9q,https://twitter.com/Starbucks/status/1565716317822386178,1485,160,84,,photo,https://pbs.twimg.com/media/FbqKm5xWAAQwnMh?format=jpg&name=large,Starbucks_media/s1565716317822386178.jpg
s1564599089043488768,2022-08-30 13:01:06+00:00,"Welcome back pumpkin. üß° For the love of Fall, order your Pumpkin Spice Latte or Pumpkin Cream Cold Brew now. https://t.co/MOTGx9zeC9",https://twitter.com/Starbucks/status/1564599089043488768,7071,1353,856,,photo,https://pbs.twimg.com/media/FbaQT5rXgAEs_pN?format=jpg&name=large,Starbucks_media/s1564599089043488768.jpg
s1564251546627489793,2022-08-29 14:00:05+00:00,Think you're Pumpkin Royalty? Dust off your emoji keyboard and show us what you got. üéÉüçÇüß£‚òïÔ∏è Play now at https://t.co/nr46cWghYU https://t.co/lJBpSZ3UDM,https://twitter.com/Starbucks/status/1564251546627489793,1242,149,193,,photo,https://pbs.twimg.com/media/FbVUFlnXkAE_LTG?format=jpg&name=large,Starbucks_media/s1564251546627489793.jpg
s1555581942652968960,2022-08-05 15:50:11+00:00,"‚òÄÔ∏è Grande Iced Shaken Espresso (100 cal)
‚òÄÔ∏è Grande Iced Passion Tango¬Æ Tea (0 cal)
‚òÄÔ∏è Grande Iced Black Tea Lemonade (50 cal)
‚òÄÔ∏è Grande Mango Dragonfruit Starbucks Refreshers¬Æ  drink (90 cal)
‚òÄÔ∏è Grande Pineapple Passionfruit Starbucks Refreshers¬Æ drink (100 cal) https://t.co/jAb86tQCk2",https://twitter.com/Starbucks/status/1555581942652968960,759,133,214,,photo,https://pbs.twimg.com/media/FZaJJ80XgAQhAjy?format=jpg&name=large,Starbucks_media/s1555581942652968960.jpg
s1549046343737507842,2022-07-18 15:00:02+00:00,"#DisabilityPride Month celebrates the heritage, activism and experiences of all people with disabilities. üíö

Join us as we build more inclusive, stronger communities with Deaf-REACH, a nonprofit providing services for Deaf and hard of hearing individuals. https://t.co/0Hu0ofbC9M https://t.co/ptUgGCPpxg",https://twitter.com/Starbucks/status/1549046343737507842,415,86,99,['DisabilityPride'],photo,https://pbs.twimg.com/media/FXvd4WJUYAI_iUN?format=jpg&name=large,Starbucks_media/s1549046343737507842.jpg
s1547959178966274049,2022-07-15 15:00:02+00:00,"Layers of yum, oodles of fun. üòã Caramel Ribbon Crunch Frappuccino¬Æ Drink https://t.co/AIjacvg8wY",https://twitter.com/Starbucks/status/1547959178966274049,945,113,110,,photo,https://pbs.twimg.com/media/FXqGUQUVQAcoKbm?format=jpg&name=large,Starbucks_media/s1547959178966274049.jpg
s1545060073956728832,2022-07-07 15:00:02+00:00,It's 1C vibes for us today. How're you sippin? ‚òïÔ∏è https://t.co/SEDJjmggJX,https://twitter.com/Starbucks/status/1545060073956728832,1036,86,364,,photo,https://pbs.twimg.com/media/FXEkS4_VsAMmYSn?format=jpg&name=large,Starbucks_media/s1545060073956728832.jpg
s1542885739607777282,2022-07-01 15:00:00+00:00,Vacation mode: ON. üèñ Head straight to your gate by ordering ahead at select Starbucks stores in US airports! ‚úàÔ∏è https://t.co/tltgJbD6zN,https://twitter.com/Starbucks/status/1542885739607777282,687,88,87,,photo,https://pbs.twimg.com/media/FWiAxfKXwAA5SKA?format=jpg&name=large,Starbucks_media/s1542885739607777282.jpg
s1542160966451732481,2022-06-29 15:00:01+00:00,Add a pop of color to your summer. ‚òÄÔ∏è Available at participating US stores while supplies last. https://t.co/7RBjqad5dJ,https://twitter.com/Starbucks/status/1542160966451732481,338,46,40,,video,https://video.twimg.com/ext_tw_video/1542147234632015873/pu/pl/HKhcytVSaadwq8IP.m3u8?tag=12&container=fmp4,Starbucks_media/s1542160966451732481.mp4
s1539652257217540102,2022-06-22 16:51:18+00:00,Meet the all new Starbucks¬Æ Paradise Drink‚Äìa vacay for any day. üççü••  (US &amp; Canada) https://t.co/pqB4ondtGI,https://twitter.com/Starbucks/status/1539652257217540102,1404,165,114,,photo,https://pbs.twimg.com/media/FV3xfPLUcAA2Dth?format=png&name=large,Starbucks_media/s1539652257217540102.jpg
s1539231494605926405,2022-06-21 12:59:20+00:00,Sunshine in a cup.‚òÄÔ∏è Say hello to the all new Pineapple Passionfruit Starbucks Refreshers¬Æ Drink.üçç (US &amp; Canada) https://t.co/gYs5KDRGgv,https://twitter.com/Starbucks/status/1539231494605926405,1818,247,526,,video,https://video.twimg.com/ext_tw_video/1539229954549747712/pu/vid/480x600/LT6Gzb7MwtG52Sm5.mp4?tag=12,Starbucks_media/s1539231494605926405.mp4
s1534935670728294404,2022-06-09 16:29:16+00:00,We add alt text to images on our social channels because our goal of creating welcoming and accessible spaces doesn't end with our stores. üíö #AltTextAddsMore https://t.co/GnwYHFD0oY,https://twitter.com/Starbucks/status/1534935670728294404,530,49,146,['AltTextAddsMore'],photo,https://pbs.twimg.com/media/FU0tqRNWQAEusC4?format=jpg&name=large,Starbucks_media/s1534935670728294404.jpg
s1531669895288606722,2022-05-31 16:12:14+00:00,The perfect pop of Pink Drink. üíñ https://t.co/n8lI5YFoLu,https://twitter.com/Starbucks/status/1531669895288606722,1235,118,97,,photo,https://pbs.twimg.com/media/FUGVk-lWUAArzW3?format=jpg&name=large,Starbucks_media/s1531669895288606722.jpg
s1526578860451586048,2022-05-17 15:02:17+00:00,Cheers to always choosing chocolate. üç´‚ú® Chocolate Cream Cold Brew. https://t.co/nOez4GjSah,https://twitter.com/Starbucks/status/1526578860451586048,1291,162,280,,photo,https://pbs.twimg.com/media/FS9_TQ7WQAMyoPH?format=jpg&name=large,Starbucks_media/s1526578860451586048.jpg
s1525156226367102979,2022-05-13 16:49:15+00:00,The perfect drizzle doesn‚Äôt exi‚Ä¶‚ú® Caramel Ribbon Crunch Frappuccino¬Æ Drink (US &amp; Canada) https://t.co/lNz6788zRY,https://twitter.com/Starbucks/status/1525156226367102979,623,96,182,,video,https://video.twimg.com/ext_tw_video/1525154084751396865/pu/pl/zGWM6xTbaWFNlc17.m3u8?tag=12&container=fmp4,Starbucks_media/s1525156226367102979.mp4
s1524766353822994435,2022-05-12 15:00:02+00:00,"Let's hear it for the grads! üéìüíö 

We're celebrating the nearly¬†900 partners (employees) who graduated from @ASUOnline this month with 100% tuition coverage through the Starbucks College Achievement Plan. 

To learn more about the program, visit: https://t.co/gJ87xH9hTC https://t.co/HKTxiI2ZRz",https://twitter.com/Starbucks/status/1524766353822994435,300,32,90,,photo,https://pbs.twimg.com/media/FSkLz0PXMAEAZX6?format=jpg&name=large,Starbucks_media/s1524766353822994435.jpg
s1524008834146217985,2022-05-10 12:49:55+00:00,Meet your new summer crush. üç´ The all new Chocolate Cream Cold Brew. ü§é (US &amp; Canada) https://t.co/zki3b8V9Pr,https://twitter.com/Starbucks/status/1524008834146217985,1725,277,659,,video,https://video.twimg.com/ext_tw_video/1524008716332322817/pu/vid/720x720/4ZHt-mBEccdiStsQ.mp4?tag=12,Starbucks_media/s1524008834146217985.mp4
s1521867255193083908,2022-05-04 15:00:03+00:00,Cold Brew views. ‚ú® https://t.co/WAU3ciQ9UX,https://twitter.com/Starbucks/status/1521867255193083908,1167,137,168,,photo,https://pbs.twimg.com/media/FR61ROeWUAARhbu?format=jpg&name=large,Starbucks_media/s1521867255193083908.jpg
s1519012241474957313,2022-04-26 17:55:14+00:00,Those sweet springtime strolls. ü¶ã Vanilla Sweet Cream Nitro Cold Brew ü¶ã https://t.co/pHh1S0eDQV,https://twitter.com/Starbucks/status/1519012241474957313,801,84,137,,photo,https://pbs.twimg.com/media/FRSdSE9VIAASOR9?format=jpg&name=large,Starbucks_media/s1519012241474957313.jpg
s1517518601665728515,2022-04-22 15:00:03+00:00,"Starting today, Starbucks¬Æ Rewards members get 25 Stars when you bring your clean, reusable cup into our caf√©s for your drink order. We‚Äôll also take 10¬¢ off your drink!

Valid at participating U.S. stores on in-store beverage purchases only (maximum 3 times per day). https://t.co/G190rNO2ab",https://twitter.com/Starbucks/status/1517518601665728515,682,110,360,,video,https://video.twimg.com/ext_tw_video/1517267605630840832/pu/vid/720x720/FQI9vIxKsWKEYflF.mp4?tag=12,Starbucks_media/s1517518601665728515.mp4
s1514263316960452611,2022-04-13 15:24:43+00:00,"We love a planet-positive accessory. Which reusable do you reach for? Clean, personal cups are welcome in our caf√©s for your drink order. üíö https://t.co/0CAFToyOBa",https://twitter.com/Starbucks/status/1514263316960452611,976,104,258,,photo,https://pbs.twimg.com/media/FQO-c1CXsAcW-0V?format=jpg&name=large,Starbucks_media/s1514263316960452611.jpg
s1511357998798716937,2022-04-05 15:00:01+00:00,"When everyone plays, everyone wins. üíö https://t.co/4Mhbhm2Jkk",https://twitter.com/Starbucks/status/1511357998798716937,603,92,738,,photo,https://pbs.twimg.com/media/FPR3GwbVgAMRwwX?format=jpg&name=large,Starbucks_media/s1511357998798716937.jpg
s1506284574216646656,2022-03-22 15:00:02+00:00,"Pink hues, pink views. üíï Dragon Drink üíï https://t.co/Wr0NsMxDSO",https://twitter.com/Starbucks/status/1506284574216646656,1024,138,99,,video,https://video.twimg.com/ext_tw_video/1504927465461886978/pu/vid/720x720/6593iXhEVE0h3b7N.mp4?tag=12,Starbucks_media/s1506284574216646656.mp4
s1505559788914053125,2022-03-20 15:00:00+00:00,"Happy first day of spring! Whether you take things easy breezy or at full speed, good things are ahead this season. üå∏üåø https://t.co/yh1HDHWZAU",https://twitter.com/Starbucks/status/1505559788914053125,900,128,106,,photo,https://pbs.twimg.com/media/FOKRP_jUYAEEDh1?format=jpg&name=large,Starbucks_media/s1505559788914053125.jpg
s1504835023609860102,2022-03-18 15:00:02+00:00,It‚Äôs a whole mood. üå∏ Pink Drink &amp; Dragon Drink üå∏ https://t.co/hfmebUek4j,https://twitter.com/Starbucks/status/1504835023609860102,1678,197,72,,photo,https://pbs.twimg.com/media/FOFevI6UcAsCFOj?format=jpg&name=large,Starbucks_media/s1504835023609860102.jpg
s1504472642006388750,2022-03-17 15:00:04+00:00,Fresh air feeling. ü¶ã  Vanilla Sweet Cream Nitro Cold Brew ü¶ã https://t.co/h0NDGVT7Zx,https://twitter.com/Starbucks/status/1504472642006388750,893,92,64,,photo,https://pbs.twimg.com/media/FOAUEzvUcAM9eZL?format=jpg&name=large,Starbucks_media/s1504472642006388750.jpg
s1503385463800836098,2022-03-14 15:00:00+00:00,Toasted vanilla: the heart of a vanilla bean with the soul of a cr√®me br√ªl√©e. ‚ú® NEW Iced Toasted Vanilla Oatmilk Shaken Espresso‚Äã ‚ú® https://t.co/Ocx1MvtHDv,https://twitter.com/Starbucks/status/1503385463800836098,1060,141,152,,video,https://video.twimg.com/ext_tw_video/1502334529662435328/pu/vid/320x320/ZNF6MFXLeW82M6d7.mp4?tag=12,Starbucks_media/s1503385463800836098.mp4
s1501952395806326786,2022-03-10 16:05:30+00:00,Smoothest day ever. üíö Nitro Cold Brew üíö https://t.co/ZWoXBz5vM9,https://twitter.com/Starbucks/status/1501952395806326786,800,73,46,,photo,https://pbs.twimg.com/media/FNgBneqVIA0ckNS?format=jpg&name=large,Starbucks_media/s1501952395806326786.jpg
s1500863848781213701,2022-03-07 16:00:00+00:00,Pink Drink daydreaming. üå∏ https://t.co/EOIMnVFMQH,https://twitter.com/Starbucks/status/1500863848781213701,1385,197,318,,video,https://video.twimg.com/ext_tw_video/1499909051785703425/pu/pl/S5VSoMre7DgkF4ae.m3u8?tag=12&container=fmp4,Starbucks_media/s1500863848781213701.mp4
s1499051919926599683,2022-03-02 16:00:03+00:00,"Sunshine, all shaken up.
‚ú® NEW Iced Toasted Vanilla Oatmilk Shaken Espresso
üíõ Iced Brown Sugar Oatmilk Shaken Espresso https://t.co/qgnWIXFZEm",https://twitter.com/Starbucks/status/1499051919926599683,1089,130,98,,photo,https://pbs.twimg.com/media/FMzdaNOUYAMzzGV?format=jpg&name=large,Starbucks_media/s1499051919926599683.jpg
s1498659383609200640,2022-03-01 14:00:15+00:00,"Meet the new Iced Toasted Vanilla Oatmilk Shaken Espresso‚Äîwith layers of rich caramelized vanilla flavor, it‚Äôs like vanilla with a glow up. ‚ú® (US &amp; Canada) https://t.co/4ZfAAQK2UW",https://twitter.com/Starbucks/status/1498659383609200640,2253,245,707,,photo,https://pbs.twimg.com/media/FMxMt7AUYAEkeO2?format=jpg&name=large,Starbucks_media/s1498659383609200640.jpg
s1494703257108692995,2022-02-18 16:00:01+00:00,Cold Brew for you and you and you. ‚ùÑÔ∏è What‚Äôs your go-to Cold Brew order? https://t.co/4BPFSJLpmW,https://twitter.com/Starbucks/status/1494703257108692995,1316,122,177,,photo,https://pbs.twimg.com/media/FL1e-L9VQAAQrrH?format=jpg&name=large,Starbucks_media/s1494703257108692995.jpg
s1486368583638831106,2022-01-26 16:01:00+00:00,"Feeling all kinds of cozy with every sip:

‚òï Chai Tea Latte with Soymilk*
‚òï Caff√® Latte with Oatmilk*
‚òï Starbucks¬Æ Blonde Vanilla Latte with Oatmilk*
‚òï Matcha Tea Latte with Soymilk*
‚òï Honey Almondmilk Flat White

*Customize milk preference in the app https://t.co/MWLty9m7PP",https://twitter.com/Starbucks/status/1486368583638831106,913,145,112,,photo,https://pbs.twimg.com/media/FKAWc4fVUAILMCb?format=jpg&name=large,Starbucks_media/s1486368583638831106.jpg
s1486005943968096268,2022-01-25 16:00:00+00:00,"Hot or iced, always nice. üíöüíö Pistachio Latte https://t.co/94pMP5V5EP",https://twitter.com/Starbucks/status/1486005943968096268,874,97,106,,video,https://video.twimg.com/amplify_video/1486004121526161408/pl/GY5B07eI5IeCIWkh.m3u8?tag=14&container=fmp4,Starbucks_media/s1486005943968096268.mp4
s1485643565044744195,2022-01-24 16:00:02+00:00,The writing‚Äôs on the wall ‚ùÑÔ∏èü§ç Vanilla Sweet Cream Cold Brew https://t.co/Gx5MfEZsuv,https://twitter.com/Starbucks/status/1485643565044744195,1771,167,63,,photo,https://pbs.twimg.com/media/FJqTluTVEAE_lJN?format=jpg&name=large,Starbucks_media/s1485643565044744195.jpg
s1483474876316848130,2022-01-18 16:22:26+00:00,Smooth sips to start your day. üßä Vanilla Sweet Cream Nitro Cold Brew https://t.co/rCh9Jd602L,https://twitter.com/Starbucks/status/1483474876316848130,1191,112,278,,photo,https://pbs.twimg.com/media/FJZccpcVcAArX0l?format=jpg&name=large,Starbucks_media/s1483474876316848130.jpg
s1482020633147961344,2022-01-14 16:03:48+00:00,Retrograde who? Sip away the cosmic chaos with your sign's self-care drink. ‚ú® #MercuryRetrograde https://t.co/Zdxwp7jt63,https://twitter.com/Starbucks/status/1482020633147961344,2710,363,201,['MercuryRetrograde'],photo,https://pbs.twimg.com/media/FJExzmhVQAQcqhj?format=jpg&name=large,Starbucks_media/s1482020633147961344.jpg
s1481657292319830016,2022-01-13 16:00:01+00:00,Ice to see you. ‚ùÑÔ∏è https://t.co/FloGM3Lq1A,https://twitter.com/Starbucks/status/1481657292319830016,1131,130,60,,video,https://video.twimg.com/amplify_video/1481431921636765700/pl/yFyPavEB6tY789Iy.m3u8?tag=14&container=fmp4,Starbucks_media/s1481657292319830016.mp4
s1481298783694913536,2022-01-12 16:15:25+00:00,"New year, new routine. 

‚ùÑÔ∏è Iced Brown Sugar Oatmilk Shaken Espresso (120)
‚ùÑÔ∏è Iced Chocolate Almondmilk Shaken Espresso (110)
‚ùÑÔ∏è Cold Brew w/ Vanilla Sweet Cream Cold Foam* (70)
‚ùÑÔ∏è Iced Caff√® Latte w/ Sugar Free Vanilla Syrup* (130)
‚ùÑÔ∏è Nitro Cold Brew (5)

*Customize in the app https://t.co/rV9Qtuw9sj",https://twitter.com/Starbucks/status/1481298783694913536,1829,216,63,,photo,https://pbs.twimg.com/media/FI6hU-MVgAADdZ9?format=jpg&name=large,Starbucks_media/s1481298783694913536.jpg
s1480577018072743937,2022-01-10 16:27:23+00:00,"To start 2022 off right, Starbucks is sending you good vibes. Literally. Text ‚Äúhi‚Äù to 78887 to sign up, and you might just get a couple surprises along the way... https://t.co/PgRPAKaJr4",https://twitter.com/Starbucks/status/1480577018072743937,1111,199,231,,photo,https://pbs.twimg.com/media/FIwQojLVQAQMVxG?format=jpg&name=large,Starbucks_media/s1480577018072743937.jpg
s1479845351834243076,2022-01-08 16:00:00+00:00,On our way to good days. ‚úåÔ∏è Iced Brown Sugar Oatmilk Shaken Espresso https://t.co/xVqdiwF2aK,https://twitter.com/Starbucks/status/1479845351834243076,1709,124,69,,photo,https://pbs.twimg.com/media/FISigRAVUAAQlwg?format=jpg&name=large,Starbucks_media/s1479845351834243076.jpg
s1478365603484381188,2022-01-04 14:00:01+00:00,Cue the confetti. üéä Pistachio Latte is back! https://t.co/V25NGD1zt8,https://twitter.com/Starbucks/status/1478365603484381188,2927,275,859,,photo,https://pbs.twimg.com/media/FH37NW9XsAI-q6j?format=jpg&name=large,Starbucks_media/s1478365603484381188.jpg
s1478033415198760961,2022-01-03 16:00:01+00:00,Pass on the cheer with the Caramel Brul√©e Latte. ‚ùÑÔ∏è https://t.co/zSXX7KDVuA,https://twitter.com/Starbucks/status/1478033415198760961,1334,115,69,,photo,https://pbs.twimg.com/media/FHPoXlbX0AcD5X5?format=jpg&name=large,Starbucks_media/s1478033415198760961.jpg
s1476583864206307328,2021-12-30 16:00:01+00:00,Add some sprinkles to your coffee break with the Iced Sugar Cookie Almondmilk Latte. Share with your work bestie! https://t.co/OOafsAG1tn,https://twitter.com/Starbucks/status/1476583864206307328,890,81,47,,photo,https://pbs.twimg.com/media/FHPnnE2XIAsP1-i?format=jpg&name=large,Starbucks_media/s1476583864206307328.jpg
s1476221478672551942,2021-12-29 16:00:02+00:00,Toasted White Chocolate Mocha gets 10s across the board. https://t.co/Zd53dp0TNU,https://twitter.com/Starbucks/status/1476221478672551942,1216,104,60,,photo,https://pbs.twimg.com/media/FHPmnJzXwAEimzB?format=jpg&name=large,Starbucks_media/s1476221478672551942.jpg
s1475859092673478661,2021-12-28 16:00:02+00:00,Irish Cream Cold Brew celebrations call for festive decorations. üéâ https://t.co/pf18QQ50z0,https://twitter.com/Starbucks/status/1475859092673478661,700,69,44,,video,https://video.twimg.com/ext_tw_video/1473774632591409153/pu/pl/TmRfqlM_4q5ouOnK.m3u8?tag=12&container=fmp4,Starbucks_media/s1475859092673478661.mp4
s1474047153907675151,2021-12-23 16:00:02+00:00,A last-minute gift for them. A Toasted White Chocolate Mocha for you. üåü https://t.co/FOZzmleofx,https://twitter.com/Starbucks/status/1474047153907675151,841,81,63,,photo,https://pbs.twimg.com/media/FHPlNT7X0AMWcAl?format=jpg&name=large,Starbucks_media/s1474047153907675151.jpg
s1473684768323686406,2021-12-22 16:00:03+00:00,Sip and stroll with the Caramel Brul√©e Latte. ‚ú® https://t.co/fMd5NmIq2t,https://twitter.com/Starbucks/status/1473684768323686406,699,85,41,,video,https://video.twimg.com/ext_tw_video/1473478904463732739/pu/vid/720x720/W8QTeixlNZziY7Gq.mp4?tag=12,Starbucks_media/s1473684768323686406.mp4
s1473322370924490752,2021-12-21 16:00:00+00:00,Still true whether you're watching your annual go-to for the first or tenth time this season. ‚ù§Ô∏èüéÑ https://t.co/F0ob2tbx2w,https://twitter.com/Starbucks/status/1473322370924490752,667,59,45,,photo,https://pbs.twimg.com/media/FG1qapTXEAwxE4F?format=jpg&name=large,Starbucks_media/s1473322370924490752.jpg
s1471510437632036864,2021-12-16 16:00:02+00:00,Stacks on stacks of flavor. Try the Iced Sugar Cookie Almondmilk Latte today. https://t.co/QR7Rbp1a1G,https://twitter.com/Starbucks/status/1471510437632036864,1757,203,93,,photo,https://pbs.twimg.com/media/FGsJDSnWYAAdZr5?format=jpg&name=large,Starbucks_media/s1471510437632036864.jpg
s1468973719087456257,2021-12-09 16:00:01+00:00,"The sparkle squad: Toasted White Chocolate Mocha, Caramel Brul√©e Latte, and Peppermint Mocha. https://t.co/YgUzcpIpUQ",https://twitter.com/Starbucks/status/1468973719087456257,1266,142,178,,photo,https://pbs.twimg.com/media/FGLXKEjX0AAbXD1?format=jpg&name=large,Starbucks_media/s1468973719087456257.jpg
s1468611336720449537,2021-12-08 16:00:02+00:00,Ready for the holidays! The Iced Sugar Cookie Almondmilk Latte. ‚ú® https://t.co/VaALyI0uAK,https://twitter.com/Starbucks/status/1468611336720449537,1570,169,372,,photo,https://pbs.twimg.com/media/FGCzfJyXMAgD-pK?format=jpg&name=large,Starbucks_media/s1468611336720449537.jpg
s1468248944383721472,2021-12-07 16:00:01+00:00,"Party with Peppermint. Peppermint Mocha Frappuccino¬Æ Drink is here, and blended to perfection. https://t.co/S7Yg8OzsKM",https://twitter.com/Starbucks/status/1468248944383721472,738,104,60,,video,https://video.twimg.com/ext_tw_video/1468248301803909123/pu/vid/320x320/8XPpgA6trD5vVYFY.mp4?tag=12,Starbucks_media/s1468248944383721472.mp4
s1467886552219066376,2021-12-06 16:00:00+00:00,Cheers to more moments like this. Share a Caramel Brul√©e Latte with a loved one! https://t.co/TXvFhEE4s4,https://twitter.com/Starbucks/status/1467886552219066376,456,38,58,,video,https://video.twimg.com/ext_tw_video/1467885784778915854/pu/pl/UrGNqJc588MD2MzN.m3u8?tag=12&container=fmp4,Starbucks_media/s1467886552219066376.mp4
s1466799746958471170,2021-12-03 16:01:26+00:00,You can find us sipping Chestnut Praline Lattes and ice skating all season long. ‚ù§Ô∏è‚õ∏Ô∏è https://t.co/e3dK14oOqe,https://twitter.com/Starbucks/status/1466799746958471170,460,33,71,,video,https://video.twimg.com/ext_tw_video/1466790277092368384/pu/vid/320x320/8seIp0QbeVi2l0p-.mp4?tag=12,Starbucks_media/s1466799746958471170.mp4
s1466437010395209736,2021-12-02 16:00:03+00:00,Warm up to the new Sugar Cookie Almondmilk Latte. Who‚Äôs your tree picking partner? üéÑ https://t.co/EzknIJPqTR,https://twitter.com/Starbucks/status/1466437010395209736,397,37,67,,video,https://video.twimg.com/ext_tw_video/1466195932555399169/pu/pl/66d-i50H0V7DppWP.m3u8?tag=12&container=fmp4,Starbucks_media/s1466437010395209736.mp4
s1466074617219584000,2021-12-01 16:00:01+00:00,"Same favorite, year after year. Share with someone as obsessed with Peppermint Mocha as you are! https://t.co/dMXyG47TGd",https://twitter.com/Starbucks/status/1466074617219584000,721,60,77,,photo,https://pbs.twimg.com/media/FFe2ZeFWQAYMFCe?format=jpg&name=large,Starbucks_media/s1466074617219584000.jpg
s1465713173907091456,2021-11-30 16:03:46+00:00,"Your baristas, your tweets. üíö https://t.co/yj2hxCTnZa",https://twitter.com/Starbucks/status/1465713173907091456,442,40,40,,video,https://video.twimg.com/ext_tw_video/1465713102671032320/pu/pl/ACiTReTuhzqdvGsp.m3u8?tag=12&container=fmp4,Starbucks_media/s1465713173907091456.mp4
s1464262685218856963,2021-11-26 16:00:03+00:00,Getting together with friends old and new. Spreading joy with Irish Cream Cold Brew. ‚ù§Ô∏è https://t.co/jAFCNwEZc4,https://twitter.com/Starbucks/status/1464262685218856963,680,81,53,,video,https://video.twimg.com/ext_tw_video/1463521169886351364/pu/vid/720x720/s2fk88xEthFf3OKf.mp4?tag=12,Starbucks_media/s1464262685218856963.mp4
s1463537908179034114,2021-11-24 16:00:03+00:00,We'll go first: We're thankful for all of you. üíö https://t.co/urFkbEOsJt,https://twitter.com/Starbucks/status/1463537908179034114,1343,100,116,,photo,https://pbs.twimg.com/media/FE63AlIXIAEMZaL?format=jpg&name=large,Starbucks_media/s1463537908179034114.jpg
s1463175518212083712,2021-11-23 16:00:02+00:00,A new way to holiday. The Iced Sugar Cookie Almondmilk Latte has arrived. ‚ú® https://t.co/c3CmLWn3v2,https://twitter.com/Starbucks/status/1463175518212083712,1778,159,106,,photo,https://pbs.twimg.com/media/FE4zhgKWUAU5VJv?format=jpg&name=large,Starbucks_media/s1463175518212083712.jpg
s1462813129579008004,2021-11-22 16:00:02+00:00,Toast to the drinks you love most. Toasted White Chocolate Mocha is here. https://t.co/3U2sCxdlcq,https://twitter.com/Starbucks/status/1462813129579008004,1011,100,55,,photo,https://pbs.twimg.com/media/FEkk0pBXwAkGzVk?format=jpg&name=large,Starbucks_media/s1462813129579008004.jpg
s1462088349733117966,2021-11-20 16:00:01+00:00,It‚Äôs peppermint to be. Peppermint Mocha is here! https://t.co/JbxqOuhht6,https://twitter.com/Starbucks/status/1462088349733117966,2035,200,68,,photo,https://pbs.twimg.com/media/FEkjtxqXwAA4gmj?format=jpg&name=large,Starbucks_media/s1462088349733117966.jpg
s1461348475161825293,2021-11-18 15:00:01+00:00,"Memories made. Celebrate with Peppermint Mocha, Caramel Brul√©e Latte and Toasted White Chocolate Mocha. üíö https://t.co/hmx2RNMeLo",https://twitter.com/Starbucks/status/1461348475161825293,736,71,62,,video,https://video.twimg.com/ext_tw_video/1461133818744745994/pu/vid/718x720/De2eKgXYabuQ5CDb.mp4?tag=12,Starbucks_media/s1461348475161825293.mp4
s1460970988863111176,2021-11-17 14:00:01+00:00,"More cheer is here! Tomorrow, Nov. 18th, get a limited-edition reusable red cup free with the purchase of any handcrafted holiday drink. Quantities are limited, while supplies last, at participating US &amp; Canada stores. ‚ú® https://t.co/IC8Ju2fV7k https://t.co/BfzjOZZ7dO",https://twitter.com/Starbucks/status/1460970988863111176,7061,738,476,,video,https://video.twimg.com/ext_tw_video/1460767840965996545/pu/vid/320x320/8YIUxea_aR8M09Og.mp4?tag=12,Starbucks_media/s1460970988863111176.mp4
s1460276416298110982,2021-11-15 16:00:02+00:00,A Toasted White Chocolate Mocha dream come true. ü§ç (US only) https://t.co/xVdgawqFBx,https://twitter.com/Starbucks/status/1460276416298110982,1882,154,77,,photo,https://pbs.twimg.com/media/FEBOcxFXMAAJSVp?format=jpg&name=large,Starbucks_media/s1460276416298110982.jpg
s1459551638285434884,2021-11-13 16:00:02+00:00,Break out the tinsel and bring on the cheer. Irish Cream Cold Brew is finally here! ‚ú® https://t.co/HwzQvRnUwr,https://twitter.com/Starbucks/status/1459551638285434884,1067,113,57,,video,https://video.twimg.com/ext_tw_video/1459253057607417861/pu/vid/320x320/uElDmMgNYVO888yH.mp4?tag=12,Starbucks_media/s1459551638285434884.mp4
s1459144932577456134,2021-11-12 13:03:56+00:00,Watch it all begin again‚Ä¶with a Grande Caramel Nonfat Latte (Taylor‚Äôs Version).üß£ https://t.co/Ww1g9tMs26,https://twitter.com/Starbucks/status/1459144932577456134,37875,7789,868,,video,https://video.twimg.com/ext_tw_video/1459143892599820289/pu/vid/720x1280/WHDMm9awbuhQC8xj.mp4?tag=12,Starbucks_media/s1459144932577456134.mp4
s1458464473564340229,2021-11-10 16:00:02+00:00,A holiday party in a cup. Caramel Brul√©e Latte has returned. üéâ (US &amp; CA) https://t.co/96P9ddAIJe,https://twitter.com/Starbucks/status/1458464473564340229,1667,148,108,,video,https://video.twimg.com/ext_tw_video/1458211658409578501/pu/vid/540x540/o8KNCdD88yqZD5ez.mp4?tag=12,Starbucks_media/s1458464473564340229.mp4
s1458102083412971531,2021-11-09 16:00:01+00:00,Peppermint = perfection. Peppermint Mocha is back! ‚ùÑÔ∏è (US &amp; CA) https://t.co/m2V5gSc11N,https://twitter.com/Starbucks/status/1458102083412971531,2260,220,91,,photo,https://pbs.twimg.com/media/FDtQuVKWYAQGgxq?format=jpg&name=large,Starbucks_media/s1458102083412971531.jpg
s1457815192268541959,2021-11-08 21:00:01+00:00,Nothing cookie cutter about it. A nondairy twist on the vanilla sugar cookie flavor you love ‚Äî the new Iced Sugar Cookie Almondmilk Latte. ‚ú® https://t.co/4Wka2Rgyq0,https://twitter.com/Starbucks/status/1457815192268541959,6079,374,379,,photo,https://pbs.twimg.com/media/FDdgANfX0AgEozp?format=jpg&name=large,Starbucks_media/s1457815192268541959.jpg
s1456637434968436740,2021-11-05 15:00:02+00:00,"Three really is a magic number. Caramel Brul√©e Latte, Peppermint Mocha and Toasted White Chocolate Mocha are here. ‚ú® (US only) https://t.co/ui5P2V99VE",https://twitter.com/Starbucks/status/1456637434968436740,3249,322,302,,photo,https://pbs.twimg.com/media/FDYWn6dX0AgeCUO?format=jpg&name=large,Starbucks_media/s1456637434968436740.jpg
s1456229753183219719,2021-11-04 12:00:03+00:00,"The holidays are back, and there's a new way to celebrate ‚Äî Introducing the Iced Sugar Cookie Almondmilk Latte. ‚ú® (US only) https://t.co/fplDU6LRO6",https://twitter.com/Starbucks/status/1456229753183219719,9215,576,556,,video,https://video.twimg.com/ext_tw_video/1456228754569809925/pu/vid/320x320/UJdm1mAzONZTmmRw.mp4?tag=12,Starbucks_media/s1456229753183219719.mp4
s1455988876359647232,2021-11-03 20:02:53+00:00,"Coming Nov. 4, a new batch of holiday joy. ‚ù§Ô∏èüéÑ (US &amp; Canada) https://t.co/jqTrWaZQiH",https://twitter.com/Starbucks/status/1455988876359647232,3980,468,200,,video,https://video.twimg.com/ext_tw_video/1455988777743171586/pu/vid/480x852/jpB5-SeE2vksDVtf.mp4?tag=12,Starbucks_media/s1455988876359647232.mp4
s1455867491754946569,2021-11-03 12:00:33+00:00,"Tomorrow, let's holiday our hearts out. Holiday drinks arrive at Starbucks on Thursday, November 4th. ‚ú® (US &amp; Canada) https://t.co/MAAJ6n1FfS",https://twitter.com/Starbucks/status/1455867491754946569,12486,1823,720,,photo,https://pbs.twimg.com/media/FDRHFP8WYAAJfYL?format=jpg&name=large,Starbucks_media/s1455867491754946569.jpg
s1455589868357173253,2021-11-02 17:37:22+00:00,You're not alone. üíö cecilybauchmann (IG) https://t.co/ihNhUgVP9K,https://twitter.com/Starbucks/status/1455589868357173253,749,68,30,,video,https://video.twimg.com/ext_tw_video/1455589829585014785/pu/vid/480x852/qnAz_ryFd5dPVrb2.mp4?tag=12,Starbucks_media/s1455589868357173253.mp4
s1453090916105809923,2021-10-26 20:07:26+00:00,Taylor said PSLs and plaid stuff. üçÇüß£ https://t.co/gtWp1Pc2Bw,https://twitter.com/Starbucks/status/1453090916105809923,6086,1027,121,,video,https://video.twimg.com/ext_tw_video/1453090835063459840/pu/pl/JSwqdU9KXepwjUvJ.m3u8?tag=12&container=fmp4,Starbucks_media/s1453090916105809923.mp4
s1451564004007100446,2021-10-22 15:00:01+00:00,Every Pumpkin Cream Cold Brew deserves a main character moment. üéÉüß° https://t.co/OGC5VM4MZn,https://twitter.com/Starbucks/status/1451564004007100446,1360,127,35,,photo,https://pbs.twimg.com/media/FCQjFySUYA4SNeL?format=jpg&name=large,Starbucks_media/s1451564004007100446.jpg
s1447940130048729101,2021-10-12 15:00:03+00:00,"Try brewing with a pour-over, one of our favorite ways to enjoy Starbucks Reserve¬Æ Vietnam Da Lat. It‚Äôs a simple method where hot water cascades slowly over freshly ground coffee, bringing out notes of bittersweet chocolate and dried orange peel. https://t.co/JBAYXIrW08",https://twitter.com/Starbucks/status/1447940130048729101,690,77,30,,photo,https://pbs.twimg.com/media/FBcLyZZUYAIDdls?format=jpg&name=large,Starbucks_media/s1447940130048729101.jpg
s1446128184546586640,2021-10-07 15:00:01+00:00,Apple crisp sips. üçé #AppleCrispMacchiato https://t.co/DksjiRueEX,https://twitter.com/Starbucks/status/1446128184546586640,704,95,97,['AppleCrispMacchiato'],gif,https://video.twimg.com/tweet_video/FBDbLEJVUAg2e6D.mp4,Starbucks_media/s1446128184546586640.gif
s1445374004013981706,2021-10-05 13:03:10+00:00,"We‚Äôre celebrating 50 years of coffee, memories and laughter with you. Drop a GIF to celebrate! üíö #Starbucks50 https://t.co/ooOTsNsB4L",https://twitter.com/Starbucks/status/1445374004013981706,1093,94,224,['Starbucks50'],gif,https://video.twimg.com/tweet_video/FA7_r8aXoAcDX6b.mp4,Starbucks_media/s1445374004013981706.gif
s1443183788125794307,2021-09-29 12:00:02+00:00,"For 50 years, you‚Äôve made every day worth it. As a thank you, bring your clean reusable cup into our caf√© 9/29/21 and get a free hot Pike Place¬Æ Roast brewed coffee. üéâ‚òï  

Participating US &amp; CA stores, limit one per customer. https://t.co/5tYaASZZ0f #NationalCoffeeDay https://t.co/pL3z92kslq",https://twitter.com/Starbucks/status/1443183788125794307,947,239,125,['NationalCoffeeDay'],photo,https://pbs.twimg.com/media/FAZ5K35UcAI7M26?format=jpg&name=large,Starbucks_media/s1443183788125794307.jpg
s1441054749755912194,2021-09-23 15:00:00+00:00,"Friends who Pumpkin Spice together, stay together. üß° #PumpkinSpiceLatte https://t.co/1RO59voQ1C",https://twitter.com/Starbucks/status/1441054749755912194,1217,155,50,['PumpkinSpiceLatte'],photo,https://pbs.twimg.com/media/E_7Qi-FVIAMrKFn?format=jpg&name=large,Starbucks_media/s1441054749755912194.jpg
s1438518050370715664,2021-09-16 15:00:04+00:00,Crisp to the spiced apple drizzled core. üçé New Apple Crisp Macchiato üçé https://t.co/lSkgpu3rMc,https://twitter.com/Starbucks/status/1438518050370715664,1500,172,123,,photo,https://pbs.twimg.com/media/E_WrpPNUUAANW-h?format=jpg&name=large,Starbucks_media/s1438518050370715664.jpg
s1438155652065542152,2021-09-15 15:00:01+00:00,"Put a little spice in your life‚Ä¶ and whipped cream, too. üéÉ Pumpkin Spice Latte üéÉ https://t.co/yW4CEeSuLH",https://twitter.com/Starbucks/status/1438155652065542152,810,106,36,,gif,https://video.twimg.com/tweet_video/E_SLXZbUUAEYyNv.mp4,Starbucks_media/s1438155652065542152.gif
s1437430874946129924,2021-09-13 15:00:01+00:00,Love at first sip. üß° Pumpkin Cream Cold Brew üß° https://t.co/vRh82GpaDI,https://twitter.com/Starbucks/status/1437430874946129924,2306,231,78,,photo,https://pbs.twimg.com/media/E-9ZCllVgAAV3xS?format=jpg&name=large,Starbucks_media/s1437430874946129924.jpg
s1435256554744389634,2021-09-07 15:00:03+00:00,"Our newest fall flavor, a slice of crisp you can sip. Introducing Apple Crisp Macchiato üçé (US &amp; Canada) https://t.co/r40N2uNsmR",https://twitter.com/Starbucks/status/1435256554744389634,3989,274,340,,photo,https://pbs.twimg.com/media/E-Xv-L9UcAQURa2?format=jpg&name=large,Starbucks_media/s1435256554744389634.jpg
s1432357446538776577,2021-08-30 15:00:01+00:00,A picture worth a thousand pumpkin spice sips. üéÉ https://t.co/5v7N89p2VN,https://twitter.com/Starbucks/status/1432357446538776577,2991,346,110,,photo,https://pbs.twimg.com/media/E90ITYHVkAULpfG?format=jpg&name=large,Starbucks_media/s1432357446538776577.jpg
s1429790673268531201,2021-08-23 13:00:35+00:00,"Introducing the Pumpkin Love O‚Äô Meter, a quiz that separates the pumpkin likers from the pumpkin lovers. Find out where you fall. https://t.co/aImt4ouAMN https://t.co/ghM41CkANe",https://twitter.com/Starbucks/status/1429790673268531201,1057,140,80,,video,https://video.twimg.com/ext_tw_video/1429788302970871821/pu/vid/720x720/C6KOpTuw8GcIjNpO.mp4?tag=12,Starbucks_media/s1429790673268531201.mp4
s1427646407926767627,2021-08-17 15:00:02+00:00,Strawberry state of mind. üçì Strawberry Acai Starbucks Refreshers¬Æ Drink https://t.co/1e20bonQp7,https://twitter.com/Starbucks/status/1427646407926767627,1736,212,106,,photo,https://pbs.twimg.com/media/E8sa3uiVUAcZ3Ob?format=jpg&name=large,Starbucks_media/s1427646407926767627.jpg
s1424747308818784257,2021-08-09 15:00:03+00:00,Star of summer. Sparkles Kiwi Starfruit Starbucks Refreshers¬Æ Drink https://t.co/0dDZ8Ep9Mt,https://twitter.com/Starbucks/status/1424747308818784257,629,79,63,,video,https://video.twimg.com/ext_tw_video/1423667533769449480/pu/vid/720x720/tBnF5f_vCDpnmurN.mp4?tag=12,Starbucks_media/s1424747308818784257.mp4
s1423297746744889345,2021-08-05 15:00:01+00:00,Mesmer-iced. üòç Vanilla Sweet Cream Cold Brew https://t.co/Xlf3Th3Kbb,https://twitter.com/Starbucks/status/1423297746744889345,1440,180,83,,video,https://video.twimg.com/ext_tw_video/1423057534034710534/pu/vid/320x320/mE9wXNe_fj2tdBz4.mp4?tag=12,Starbucks_media/s1423297746744889345.mp4
s1419673872354275328,2021-07-26 15:00:02+00:00,Caramel forever. üòã Caramel Ribbon Crunch Frappuccino¬Æ Drink https://t.co/2895u5CAua,https://twitter.com/Starbucks/status/1419673872354275328,1252,173,114,,video,https://video.twimg.com/ext_tw_video/1419667416821338114/pu/pl/3npfAHyJgAJfEeJ9.m3u8?tag=12&container=fmp4,Starbucks_media/s1419673872354275328.mp4
s1418588085420396544,2021-07-23 15:05:30+00:00,100% of our U.S. company-owned stores are now donating food to local food banks through our FoodShare program with @FeedingAmerica. Learn more about our commitment to help our communities fight hunger: https://t.co/wcIfQuUXFT https://t.co/dIloIEattO,https://twitter.com/Starbucks/status/1418588085420396544,393,56,44,,photo,https://pbs.twimg.com/media/E6_WSDKUcAAmlgA?format=jpg&name=large,Starbucks_media/s1418588085420396544.jpg
s1417137161954947072,2021-07-19 15:00:03+00:00,"Peace, love &amp; Dragon Drink.‚úåÔ∏è https://t.co/WPCFI2vHY2",https://twitter.com/Starbucks/status/1417137161954947072,1538,143,81,,photo,https://pbs.twimg.com/media/E6qqCPzUcAQWp09?format=jpg&name=large,Starbucks_media/s1417137161954947072.jpg
s1414600444140154889,2021-07-12 15:00:02+00:00,Summer‚Äôs perfect matcha. üå¥ Iced Matcha Tea Latte https://t.co/zaUtjuOxfa,https://twitter.com/Starbucks/status/1414600444140154889,1350,139,103,,photo,https://pbs.twimg.com/media/E6DsIgHVgAIL7sc?format=jpg&name=large,Starbucks_media/s1414600444140154889.jpg
s1413150890379333632,2021-07-08 15:00:01+00:00,Caramel mmmood. üòã Caramel Ribbon Crunch Frappuccino¬Æ Drink https://t.co/ngi84wst9q,https://twitter.com/Starbucks/status/1413150890379333632,1384,150,107,,photo,https://pbs.twimg.com/media/E5vAhwdUYAEJR6W?format=jpg&name=large,Starbucks_media/s1413150890379333632.jpg
s1410251795117469696,2021-06-30 15:00:03+00:00,Ultimate ahhhh. ü•≠ Mango Dragonfruit Starbucks Refreshers¬Æ Drink https://t.co/43Bx7csHj2,https://twitter.com/Starbucks/status/1410251795117469696,965,108,60,,photo,https://pbs.twimg.com/media/E5F0ISwVoAEaehA?format=jpg&name=large,Starbucks_media/s1410251795117469696.jpg
s1409527006962675714,2021-06-28 15:00:00+00:00,Dip. Sip. Repeat. üèñ Strawberry Acai Starbucks Refreshers¬Æ Drink https://t.co/qxRXluBc8R,https://twitter.com/Starbucks/status/1409527006962675714,912,109,93,,photo,https://pbs.twimg.com/media/E4wfxBbVkAQg5Z4?format=jpg&name=large,Starbucks_media/s1409527006962675714.jpg
s1407352689365860361,2021-06-22 15:00:03+00:00,"A wave of refreshment. What‚Äôs your go-to? 
üíû Dragon Drink‚Å£ 
üíö Star Drink 
üíñ Pink Drink‚Å£ https://t.co/Wzv6SAF6pB",https://twitter.com/Starbucks/status/1407352689365860361,1214,130,160,,photo,https://pbs.twimg.com/media/E4eAM7yVcAIOMvA?format=jpg&name=large,Starbucks_media/s1407352689365860361.jpg
s1406990303395926017,2021-06-21 15:00:03+00:00,Paradise is pink. üíñ #PinkDrink https://t.co/YkiIR2AglF,https://twitter.com/Starbucks/status/1406990303395926017,1132,95,32,['PinkDrink'],photo,https://pbs.twimg.com/media/E4HwnGhUUAI7bgt?format=jpg&name=large,Starbucks_media/s1406990303395926017.jpg
s1405540744836763652,2021-06-17 15:00:01+00:00,Find your favorite color to reveal your Summer 2021 motto. Get ready to seize the season! ‚òÄÔ∏è https://t.co/ugQ7zM4BMh,https://twitter.com/Starbucks/status/1405540744836763652,553,60,47,,photo,https://pbs.twimg.com/media/E4EEnPIVEAQYWCs?format=jpg&name=large,Starbucks_media/s1405540744836763652.jpg
s1404815964672118785,2021-06-15 15:00:00+00:00,"The Starbucks Foundation has awarded a new round of Neighborhood Grants to more than 1,000 nonprofit organizations with local impact, each nominated by our local partners (employees). To learn more, visit https://t.co/WvkR6j3yL9. https://t.co/5Wc6Kn3GI1",https://twitter.com/Starbucks/status/1404815964672118785,265,26,35,,photo,https://pbs.twimg.com/media/E34PSXbVoAAWmRU?format=jpg&name=large,Starbucks_media/s1404815964672118785.jpg
s1402279247033548815,2021-06-08 15:00:00+00:00,Star Drink gets summer rolling. ü•ùü•• https://t.co/uoSNZrLmcc,https://twitter.com/Starbucks/status/1402279247033548815,611,77,38,,video,https://video.twimg.com/ext_tw_video/1402072335365009414/pu/pl/B2kqE280JntQV5bp.m3u8?tag=12&container=fmp4,Starbucks_media/s1402279247033548815.mp4
s1401916873671811074,2021-06-07 15:00:03+00:00,"This month during Pride, take a moment to learn more about being an ally to the LGBTQ+ community from our partners at the Human Rights Campaign (@HRC). https://t.co/5NOdsrfTnE https://t.co/yXJLeAKxos",https://twitter.com/Starbucks/status/1401916873671811074,563,71,26,,photo,https://pbs.twimg.com/media/E3Eyd0KVUAEFe3r?format=jpg&name=large,Starbucks_media/s1401916873671811074.jpg
s1399742532590858244,2021-06-01 15:00:00+00:00,A sippable summer oasis. üåä Mango Dragonfruit Starbucks Refreshers¬Æ Drink https://t.co/rzGBUUO1vJ,https://twitter.com/Starbucks/status/1399742532590858244,978,112,58,,video,https://video.twimg.com/ext_tw_video/1399619223530270720/pu/vid/720x720/ouW-8WHiHluOXwNj.mp4?tag=12,Starbucks_media/s1399742532590858244.mp4
s1398655374673301505,2021-05-29 15:00:01+00:00,"Cool down with your crew with Starbucks Refreshers¬Æ Drinks. üòé  
üçì Strawberry Acai
ü•≠ Mango Dragonfruit
ü•ù Kiwi Starfruit https://t.co/y8yAybA7cY",https://twitter.com/Starbucks/status/1398655374673301505,1021,124,175,,video,https://video.twimg.com/ext_tw_video/1398069444518182917/pu/pl/M73L4Zmi7vYxGdJl.m3u8?tag=12,Starbucks_media/s1398655374673301505.mp4
s1397568209402810369,2021-05-26 15:00:01+00:00,Friendships and fresh sips. Mango Dragonfruit Starbucks Refreshers¬Æ Drink and Dragon Drink. üíï https://t.co/MPkdcc0YKp,https://twitter.com/Starbucks/status/1397568209402810369,1081,97,51,,photo,https://pbs.twimg.com/media/E2RbOZnVIAAhJMF?format=jpg&name=large,Starbucks_media/s1397568209402810369.jpg
s1395393889134170113,2021-05-20 15:00:02+00:00,Refresh. Relax. Repeat. ‚≠ê Kiwi Starfruit Starbucks Refreshers¬Æ Drink https://t.co/h0UYPGOa96,https://twitter.com/Starbucks/status/1395393889134170113,1045,121,55,,video,https://video.twimg.com/ext_tw_video/1395164563805335552/pu/vid/540x540/ZsFUEe7-VHNZacVg.mp4?tag=12,Starbucks_media/s1395393889134170113.mp4
s1394669113381855237,2021-05-18 15:00:02+00:00,"This Military Appreciation Month, we continue to support the mental health and well-being of the military community. For every Starbucks Military eGift Card sold in May, we‚Äôll give $5 (divided evenly) to @BlueStarFamily and @OpGratitude. Send an eGift: https://t.co/An2bCtGJPY https://t.co/v5FtEJMT8u",https://twitter.com/Starbucks/status/1394669113381855237,365,56,29,,photo,https://pbs.twimg.com/media/E1pbDY8UYAYjXTg?format=jpg&name=large,Starbucks_media/s1394669113381855237.jpg
s1393581945054011395,2021-05-15 15:00:01+00:00,Brake for coffee breaks. üö≤üå¥ #ColdBrew https://t.co/J4QxRA7F2l,https://twitter.com/Starbucks/status/1393581945054011395,852,94,80,['ColdBrew'],photo,https://pbs.twimg.com/media/E1Y_ABXVoAEi8CU?format=jpg&name=large,Starbucks_media/s1393581945054011395.jpg
s1393219557951684618,2021-05-14 15:00:02+00:00,How to Chill A.S.A.P. (As Summer As Possible) with the Mango Dragonfruit Starbucks Refreshers¬Æ Drink. üòé (US + Canada) https://t.co/rHEaMnsuET,https://twitter.com/Starbucks/status/1393219557951684618,539,50,41,,video,https://video.twimg.com/ext_tw_video/1392993014348279809/pu/vid/540x540/HYSDkwNDBiTxPfbT.mp4?tag=12,Starbucks_media/s1393219557951684618.mp4
s1392857174716686338,2021-05-13 15:00:03+00:00,How to Stay Cool A.S.A.P. (As Summer As Possible) with the Iced Guava Passionfruit Drink. üï∂Ô∏è https://t.co/cOPPauWtsu,https://twitter.com/Starbucks/status/1392857174716686338,506,47,36,,video,https://video.twimg.com/ext_tw_video/1392636950029295618/pu/vid/720x720/fcxKWR-BNPe1M8ZL.mp4?tag=12,Starbucks_media/s1392857174716686338.mp4
s1392494784216961038,2021-05-12 15:00:02+00:00,How to Sip A.S.A.P. (As Summer As Possible) with the all new Strawberry Funnel Cake Frappuccino¬Æ Drink. ‚òÄÔ∏è (US + Canada) https://t.co/VzDZBhidz6,https://twitter.com/Starbucks/status/1392494784216961038,1394,123,145,,video,https://video.twimg.com/ext_tw_video/1392232268043722753/pu/vid/720x720/49qOViSCZlC3sVpc.mp4?tag=12,Starbucks_media/s1392494784216961038.mp4
s1392102792383266820,2021-05-11 13:02:24+00:00,Say hello to the new Strawberry Funnel Cake Frappuccino¬Æ Drink. Your summer just got summer-er. üå§Ô∏èüé¢ (US + Canada) https://t.co/YMiYPUbtzq,https://twitter.com/Starbucks/status/1392102792383266820,3824,437,672,,photo,https://pbs.twimg.com/media/E1G9qMhUYAIJr3l?format=jpg&name=large,Starbucks_media/s1392102792383266820.jpg
s1390320450408882178,2021-05-06 15:00:00+00:00,"Fill your cup with Starbucks Reserve. Sip on notes of dried-fig, hazelnut and creamy milk chocolate. Brazil Isidro Pereira is now available at select U.S. Starbucks locations. https://t.co/4qW84aL2It",https://twitter.com/Starbucks/status/1390320450408882178,324,34,36,,photo,https://pbs.twimg.com/media/E0p61r9UUAA3iSP?format=jpg&name=large,Starbucks_media/s1390320450408882178.jpg
s1389958063977762818,2021-05-05 15:00:01+00:00,"Grads, you did it! üíö Congrats to our 700+ partners (employees) who just graduated from @ASUOnline. And thank you, customers‚Äîwith your support, partners can get 100% tuition coverage through the Starbucks College Achievement Plan. Read about our graduates: https://t.co/chupi0GKps https://t.co/7O5NXm522W",https://twitter.com/Starbucks/status/1389958063977762818,359,35,25,,video,https://video.twimg.com/ext_tw_video/1389950773086154753/pu/vid/320x320/tE_J5y8ksYF2uV_K.mp4?tag=12,Starbucks_media/s1389958063977762818.mp4
s1386696577293725702,2021-04-26 15:00:02+00:00,Spring serenity. üå∏ #IcedGuavaPassionfruit https://t.co/FdJEVGlE7p,https://twitter.com/Starbucks/status/1386696577293725702,916,107,123,['IcedGuavaPassionfruit'],video,https://video.twimg.com/amplify_video/1385743733937741825/vid/320x320/AVQeZAif4b5VXYOE.mp4?tag=14,Starbucks_media/s1386696577293725702.mp4
s1385624507893919753,2021-04-23 16:00:00+00:00,Your salty-sweet spring sidekick. üíê #SaltedCaramelCreamColdBrew https://t.co/WIzMnMtL3T,https://twitter.com/Starbucks/status/1385624507893919753,691,72,55,['SaltedCaramelCreamColdBrew'],photo,https://pbs.twimg.com/media/EzngO7dVEAIGmJJ?format=jpg&name=large,Starbucks_media/s1385624507893919753.jpg
s1385247281813671939,2021-04-22 15:01:03+00:00,"Our future isn't disposable. üåç  For this earth month, here's a sneak peek at the borrow and return cup system we're testing in five stores to reduce cup waste. https://t.co/7w5yHyg4ja",https://twitter.com/Starbucks/status/1385247281813671939,573,72,41,,gif,https://video.twimg.com/tweet_video/Ezlis8dUYAQo2Mi.mp4,Starbucks_media/s1385247281813671939.gif
s1384680708271087620,2021-04-21 01:29:41+00:00,"George Floyd should be alive today. We still have work to do to address systemic racism and ensure everyone has an equal chance to succeed and thrive.

Black lives matter, and we stand with our Black customers and partners. https://t.co/41WsOp2QIW https://t.co/7EDDxlRIsU",https://twitter.com/Starbucks/status/1384680708271087620,3411,431,300,,photo,https://pbs.twimg.com/media/EzdfG01UUAMElI0?format=jpg&name=large,Starbucks_media/s1384680708271087620.jpg
s1384193286357749763,2021-04-19 17:12:51+00:00,"Climate change is making it harder for farmers to grow coffee. One way we‚Äôre helping is by donating 100 million healthy coffee trees by 2025 ‚Äî each tree is disease-resistant and produces more coffee cherries.

See more about how we‚Äôre supporting farmers: https://t.co/2aBrvCbdyJ https://t.co/Tbs8ttG8Gq",https://twitter.com/Starbucks/status/1384193286357749763,381,62,30,,video,https://video.twimg.com/amplify_video/1384192095183794176/pl/Nq3zJbySVqwYuwpz.m3u8?tag=14,Starbucks_media/s1384193286357749763.mp4
s1379856507060301827,2021-04-07 18:00:02+00:00,"Bliss is in the air. üå∏
#IcedGuavaPassionfruitDrink https://t.co/m1R7zdPJOX",https://twitter.com/Starbucks/status/1379856507060301827,1337,154,75,['IcedGuavaPassionfruitDrink'],video,https://video.twimg.com/ext_tw_video/1379555064088432647/pu/vid/320x320/xDl7VKcwFXOAIXUx.mp4?tag=12,Starbucks_media/s1379856507060301827.mp4
s1379220281303080964,2021-04-05 23:51:54+00:00,What is... a @Jeopardy clue we know? üíö https://t.co/8nVwysL2Ea,https://twitter.com/Starbucks/status/1379220281303080964,1487,80,58,,photo,https://pbs.twimg.com/media/EyP4pATU4AEyhRl?format=jpg&name=large,Starbucks_media/s1379220281303080964.jpg
s1377999512262770695,2021-04-02 15:01:00+00:00,"Thank you for sharing the little things you're grateful for. üíö

‚úç: @lynzmckenzie8 (Instagram), @coffee_n_ink (Instagram), @HalfPintCarrie, @jessychamber (Instagram) https://t.co/L3uDt6csy5",https://twitter.com/Starbucks/status/1377999512262770695,243,26,25,,photo,https://pbs.twimg.com/media/Ex7LBuQUYAE0Sje?format=jpg&name=large,Starbucks_media/s1377999512262770695.jpg
s1377999512262770695,2021-04-02 15:01:00+00:00,"Thank you for sharing the little things you're grateful for. üíö

‚úç: @lynzmckenzie8 (Instagram), @coffee_n_ink (Instagram), @HalfPintCarrie, @jessychamber (Instagram) https://t.co/L3uDt6csy5",https://twitter.com/Starbucks/status/1377999512262770695,243,26,25,,photo,https://pbs.twimg.com/media/Ex7KNVcVIAIIf5k?format=jpg&name=large,Starbucks_media/s1377999512262770695.jpg
s1377999512262770695,2021-04-02 15:01:00+00:00,"Thank you for sharing the little things you're grateful for. üíö

‚úç: @lynzmckenzie8 (Instagram), @coffee_n_ink (Instagram), @HalfPintCarrie, @jessychamber (Instagram) https://t.co/L3uDt6csy5",https://twitter.com/Starbucks/status/1377999512262770695,243,26,25,,photo,https://pbs.twimg.com/media/Ex7KNVfVgAALWQl?format=jpg&name=large,Starbucks_media/s1377999512262770695.jpg
s1377999512262770695,2021-04-02 15:01:00+00:00,"Thank you for sharing the little things you're grateful for. üíö

‚úç: @lynzmckenzie8 (Instagram), @coffee_n_ink (Instagram), @HalfPintCarrie, @jessychamber (Instagram) https://t.co/L3uDt6csy5",https://twitter.com/Starbucks/status/1377999512262770695,243,26,25,,photo,https://pbs.twimg.com/media/Ex7KNWEUUAIjDoa?format=jpg&name=large,Starbucks_media/s1377999512262770695.jpg
s1377274737978642438,2021-03-31 15:01:00+00:00,"Say hello to Starbucks Odyssey Blend, a new whole bean coffee celebrating our commitment to people, coffee &amp; the planet. ‚òïüå±

Learn how this blend from West Java, Rwanda &amp; Peru envisions a more sustainable future for coffee farmers and their communities. https://t.co/CiRqnnSBki https://t.co/o1l84PKRZj",https://twitter.com/Starbucks/status/1377274737978642438,400,59,22,,photo,https://pbs.twimg.com/media/ExwldlmUYAgntdq?format=jpg&name=large,Starbucks_media/s1377274737978642438.jpg
s1376912103416557572,2021-03-30 15:00:01+00:00,The last year has taught us all to appreciate the little things. What are you grateful for? üå∑ https://t.co/zi29qxNOR5,https://twitter.com/Starbucks/status/1376912103416557572,894,120,89,,photo,https://pbs.twimg.com/media/ExroW2VVgAEu_nx?format=jpg&name=large,Starbucks_media/s1376912103416557572.jpg
s1375100409442926593,2021-03-25 15:01:00+00:00,"‚òÄÔ∏èLet the sunshine in‚òÄÔ∏è Our Bacon, Sausage &amp; Egg Wrap is packed with protein and totally tasty. #BreakfastWrap https://t.co/Hm8fOcXwkr",https://twitter.com/Starbucks/status/1375100409442926593,586,58,47,['BreakfastWrap'],photo,https://pbs.twimg.com/media/ExSI6beU4AA6kVq?format=jpg&name=large,Starbucks_media/s1375100409442926593.jpg
s1374016768557998082,2021-03-22 15:15:00+00:00,Add some Cold Brew to whatever you do! ‚ú® #SaltedCaramelCreamColdBrew https://t.co/GxVNbZxTOU,https://twitter.com/Starbucks/status/1374016768557998082,782,74,37,['SaltedCaramelCreamColdBrew'],photo,https://pbs.twimg.com/media/ExF88KLVkAIQ3Kd?format=jpg&name=large,Starbucks_media/s1374016768557998082.jpg
s1372927013170806792,2021-03-19 15:04:42+00:00,A shake-up of sunshine. Iced Chocolate Almondmilk Shaken Espresso.‚òÄÔ∏è https://t.co/z1I7wTl9xh,https://twitter.com/Starbucks/status/1372927013170806792,1025,148,202,,video,https://video.twimg.com/ext_tw_video/1372926959580160005/pu/vid/720x720/_cW3mjF81RzEKCIB.mp4?tag=12,Starbucks_media/s1372927013170806792.mp4
s1372312812056236034,2021-03-17 22:24:05+00:00,"To learn more from our partners at @AAAJ_AAJC and to read first-hand accounts of racism experienced by AAPI communities visit https://t.co/YUVxnSHRiQ 

#StopAsianHate https://t.co/R6dlj1ah9E",https://twitter.com/Starbucks/status/1372312812056236034,874,153,35,['StopAsianHate'],photo,https://pbs.twimg.com/media/EwtuuyvUYAEl18V?format=jpg&name=large,Starbucks_media/s1372312812056236034.jpg
s1371838672991973377,2021-03-16 15:00:01+00:00,"Pack a pick-me-up. üö≤ 
#VanillaSweetCreamColdBrew https://t.co/YYtTGsdGhf",https://twitter.com/Starbucks/status/1371838672991973377,1172,108,33,['VanillaSweetCreamColdBrew'],photo,https://pbs.twimg.com/media/EwjGaafVkAEjx2L?format=jpg&name=large,Starbucks_media/s1371838672991973377.jpg
s1371476282253402116,2021-03-15 15:00:01+00:00,"Starting today, Aira‚Äîa service that connects blind and low-vision people with remote visual interpreters through an app‚Äîis available for free in our US stores.

Learn how we use Aira and inclusive design to create a more accessible customer experience. https://t.co/YNucHJQ7if https://t.co/cJZ8UsljrZ",https://twitter.com/Starbucks/status/1371476282253402116,418,64,17,,photo,https://pbs.twimg.com/media/EwUJZ07VoAMcdga?format=jpg&name=large,Starbucks_media/s1371476282253402116.jpg
s1371113890646474757,2021-03-14 15:00:00+00:00,Longer days mean more time for the things that make you smile. ‚òÄ #DaylightSavings https://t.co/tv86TNsMt0,https://twitter.com/Starbucks/status/1371113890646474757,480,58,24,['DaylightSavings'],video,https://video.twimg.com/ext_tw_video/1370516778560811009/pu/vid/720x720/WlB8j2wNUJFqdhpf.mp4?tag=12,Starbucks_media/s1371113890646474757.mp4
s1370042340576956418,2021-03-11 16:02:02+00:00,"A lot has changed, but our commitment to the safety of our partners, customers and community remains the same. While we can't wait to see your smiles again, help us take care of each other by wearing a facial covering and practicing physical distancing in our stores. üíö https://t.co/h2j44Ba1Qj",https://twitter.com/Starbucks/status/1370042340576956418,767,87,50,,photo,https://pbs.twimg.com/media/EwNdvonVIAEragH?format=jpg&name=large,Starbucks_media/s1370042340576956418.jpg
s1369317058865852416,2021-03-09 16:00:02+00:00,"Fresh air. Delicious sips. üíõüíö 
#IcedPineappleMatchaDrink https://t.co/lIKipl7fa7",https://twitter.com/Starbucks/status/1369317058865852416,576,83,34,['IcedPineappleMatchaDrink'],video,https://video.twimg.com/ext_tw_video/1369078670099312640/pu/vid/320x320/TxH8rPK2U5uzHgLq.mp4?tag=12,Starbucks_media/s1369317058865852416.mp4
s1368954663941341187,2021-03-08 16:00:00+00:00,The wait is over. Now ask for creamy Oatly oatmilk in all your favorite drinks. üôå https://t.co/bAH10BN16f,https://twitter.com/Starbucks/status/1368954663941341187,1115,91,78,,video,https://video.twimg.com/ext_tw_video/1367995492534161411/pu/vid/720x720/F0tZnwc40xBDbaqw.mp4?tag=12,Starbucks_media/s1368954663941341187.mp4
s1367505111463854081,2021-03-04 16:00:00+00:00,Shaking things up with the new Iced Brown Sugar Oatmilk Shaken Espresso. ‚òÄÔ∏è #IcedShakenEspresso #Oatmilk https://t.co/sstq0vrxkp,https://twitter.com/Starbucks/status/1367505111463854081,1325,106,127,"['IcedShakenEspresso', 'Oatmilk']",video,https://video.twimg.com/ext_tw_video/1367284416884600834/pu/vid/720x720/vgofZaINJiE5X54i.mp4?tag=12,Starbucks_media/s1367505111463854081.mp4
s1367112530858967042,2021-03-03 14:00:01+00:00,"Spring is here! Jump into the season with our new game, Sip, Smile, Spring‚Äîpowered by your smile! Check it out on Instagram. https://t.co/tQPdmYZi0B https://t.co/UyEFWzvpHz",https://twitter.com/Starbucks/status/1367112530858967042,252,24,16,,video,https://video.twimg.com/ext_tw_video/1366899253298098184/pu/vid/320x320/-pWqVPo9_7Ii_lrr.mp4?tag=10,Starbucks_media/s1367112530858967042.mp4
s1366750878749761537,2021-03-02 14:02:57+00:00,Let the sunshine in. Introducing the all-new Iced Chocolate Almondmilk Shaken Espresso and the Iced Brown Sugar Oatmilk Shaken Espresso! ‚òÄÔ∏è (US only) #IcedShakenEspresso #Oatmilk #Almondmilk https://t.co/zIR1UMB63h,https://twitter.com/Starbucks/status/1366750878749761537,1962,181,228,"['IcedShakenEspresso', 'Oatmilk', 'Almondmilk']",video,https://video.twimg.com/ext_tw_video/1366747025056751616/pu/pl/ty9ail8zFy8D5S34.m3u8?tag=10,Starbucks_media/s1366750878749761537.mp4
s1366387798136119297,2021-03-01 14:00:11+00:00,So we heard you wanted oatmilk... Oatly is available at Starbucks starting March 2‚Äîadd it to all of your favorite drinks! (US only) https://t.co/kPNnwtLN9V,https://twitter.com/Starbucks/status/1366387798136119297,6356,610,293,,photo,https://pbs.twimg.com/media/EvZh5RFVoAMyYDu?format=jpg&name=large,Starbucks_media/s1366387798136119297.jpg
s1364606017129095169,2021-02-24 16:00:02+00:00,Frosty feels. ‚ùÑÔ∏è #ColdBrew https://t.co/SoXotuimwh,https://twitter.com/Starbucks/status/1364606017129095169,703,89,26,['ColdBrew'],video,https://video.twimg.com/ext_tw_video/1364376732506095616/pu/vid/320x320/icJdqL5HrzCykYhk.mp4?tag=10,Starbucks_media/s1364606017129095169.mp4
s1361706910702067714,2021-02-16 16:00:01+00:00,"Hot or cold, do non-dairy your way. The Honey Almondmilk Flat White and Honey Almondmilk Cold Brew are here. üçØ https://t.co/zaI0dsCku2",https://twitter.com/Starbucks/status/1361706910702067714,690,99,80,,video,https://video.twimg.com/ext_tw_video/1360340238350995458/pu/pl/KIv26NDwP4FIby4X.m3u8?tag=10,Starbucks_media/s1361706910702067714.mp4
s1360982138653351937,2021-02-14 16:00:02+00:00,"Roses are red.
We love Cold Brew.
Here is a love note
From us to you. üíï

Happy #ValentinesDay. https://t.co/arlRvCR99u",https://twitter.com/Starbucks/status/1360982138653351937,1938,263,57,['ValentinesDay'],photo,https://pbs.twimg.com/media/EuDlbjXVoAIMDUj?format=jpg&name=large,Starbucks_media/s1360982138653351937.jpg
s1360257360883777541,2021-02-12 16:00:01+00:00,Cheers to full cups and full hearts. üíï‚òï #ValentinesDay https://t.co/fuXB3hJXf1,https://twitter.com/Starbucks/status/1360257360883777541,2412,337,65,['ValentinesDay'],photo,https://pbs.twimg.com/media/Et_O1kgUcAAHZSi?format=jpg&name=large,Starbucks_media/s1360257360883777541.jpg
s1358807811573112839,2021-02-08 16:00:02+00:00,Cold Brew is so hot right now. ‚ùÑÔ∏è https://t.co/YtgAusfCcF,https://twitter.com/Starbucks/status/1358807811573112839,1368,128,35,,photo,https://pbs.twimg.com/media/EtgVrGOVoAAuTmk?format=jpg&name=large,Starbucks_media/s1358807811573112839.jpg
s1357358254444134405,2021-02-04 16:00:01+00:00,Good on the go with the non-dairy Honey Almondmilk Flat White. üçØ https://t.co/xFmYHmtMdk,https://twitter.com/Starbucks/status/1357358254444134405,567,54,33,,photo,https://pbs.twimg.com/media/EtV5uD2VkAIA7nC?format=jpg&name=large,Starbucks_media/s1357358254444134405.jpg
s1356995866532306944,2021-02-03 16:00:01+00:00,"We teamed up with @Headspace on 5 mindfulness exercises to help you savor your coffee moment even more. They‚Äôre available for free, for everyone. ‚òï https://t.co/oRzKOPEPvL https://t.co/OLO7w8TQxT",https://twitter.com/Starbucks/status/1356995866532306944,327,56,15,,video,https://video.twimg.com/ext_tw_video/1356991863341817856/pu/vid/1280x720/qWMk--GmU2FfuN-W.mp4?tag=10,Starbucks_media/s1356995866532306944.mp4
s1356678779951841281,2021-02-02 19:00:01+00:00,"Enjoy single-origin Starbucks Reserve coffees now available at select U.S. Starbucks stores. Discover new flavors with our seasonal releases, Guatemala Huehuetenango and Ethiopia Yirgacheffe Chelelektu. https://t.co/wSOozVnI0W",https://twitter.com/Starbucks/status/1356678779951841281,362,42,15,,photo,https://pbs.twimg.com/media/EtLmVOwU4AIdmjZ?format=jpg&name=large,Starbucks_media/s1356678779951841281.jpg
s1355183930962567169,2021-01-29 16:00:01+00:00,Thank you for inspiring us with the best advice you've received over coffee. ‚òïüíö https://t.co/1IVhaPfTek,https://twitter.com/Starbucks/status/1355183930962567169,699,109,28,,photo,https://pbs.twimg.com/media/Es3F0GyU4Ao5ngz?format=jpg&name=large,Starbucks_media/s1355183930962567169.jpg
s1355183930962567169,2021-01-29 16:00:01+00:00,Thank you for inspiring us with the best advice you've received over coffee. ‚òïüíö https://t.co/1IVhaPfTek,https://twitter.com/Starbucks/status/1355183930962567169,699,109,28,,photo,https://pbs.twimg.com/media/Es3FfYtUwAIlpCd?format=jpg&name=large,Starbucks_media/s1355183930962567169.jpg
s1355183930962567169,2021-01-29 16:00:01+00:00,Thank you for inspiring us with the best advice you've received over coffee. ‚òïüíö https://t.co/1IVhaPfTek,https://twitter.com/Starbucks/status/1355183930962567169,699,109,28,,photo,https://pbs.twimg.com/media/Es3FgPSU4AQICLk?format=jpg&name=large,Starbucks_media/s1355183930962567169.jpg
s1355183930962567169,2021-01-29 16:00:01+00:00,Thank you for inspiring us with the best advice you've received over coffee. ‚òïüíö https://t.co/1IVhaPfTek,https://twitter.com/Starbucks/status/1355183930962567169,699,109,28,,photo,https://pbs.twimg.com/media/Es3FhFGU0A4o7af?format=jpg&name=large,Starbucks_media/s1355183930962567169.jpg
s1354459153121603584,2021-01-27 16:00:01+00:00,"For a subtly sweet treat.

‚òï Honey Almondmilk Cold Brew (10g sugar)
‚òï Caff√© Misto (10g sugar)
‚òï Jade Citrus Mint¬Æ Brewed Tea (0g sugar)
‚òï Chai Tea (0g sugar)
‚òï Iced Starbucks¬Æ Blonde Espresso Americano (0g sugar)
‚òï Peach Tranquility¬Æ Tea (0g sugar) https://t.co/toczT8oPOM",https://twitter.com/Starbucks/status/1354459153121603584,843,99,88,,photo,https://pbs.twimg.com/media/Essvq8rUcAA2A-X?format=jpg&name=large,Starbucks_media/s1354459153121603584.jpg
s1354096763024498690,2021-01-26 16:00:00+00:00,"Whether across the table or virtually across the world, good conversations happen over coffee. ‚òï https://t.co/Ar4baf3xQd",https://twitter.com/Starbucks/status/1354096763024498690,535,50,54,,photo,https://pbs.twimg.com/media/EsnKc1_UYAUSJlM?format=jpg&name=large,Starbucks_media/s1354096763024498690.jpg
s1352647211356741633,2021-01-22 16:00:00+00:00,Follow the stars for little ways to recharge during your coffee break. ‚ú® https://t.co/Os2uSQm16A,https://twitter.com/Starbucks/status/1352647211356741633,1203,184,39,,photo,https://pbs.twimg.com/media/EsSligsVcAIa7ms?format=jpg&name=large,Starbucks_media/s1352647211356741633.jpg
s1352647211356741633,2021-01-22 16:00:00+00:00,Follow the stars for little ways to recharge during your coffee break. ‚ú® https://t.co/Os2uSQm16A,https://twitter.com/Starbucks/status/1352647211356741633,1203,184,39,,photo,https://pbs.twimg.com/media/EsSllgXVEAAp724?format=jpg&name=large,Starbucks_media/s1352647211356741633.jpg
s1352647211356741633,2021-01-22 16:00:00+00:00,Follow the stars for little ways to recharge during your coffee break. ‚ú® https://t.co/Os2uSQm16A,https://twitter.com/Starbucks/status/1352647211356741633,1203,184,39,,photo,https://pbs.twimg.com/media/EsSlnbHVEAElOud?format=jpg&name=large,Starbucks_media/s1352647211356741633.jpg
s1352647211356741633,2021-01-22 16:00:00+00:00,Follow the stars for little ways to recharge during your coffee break. ‚ú® https://t.co/Os2uSQm16A,https://twitter.com/Starbucks/status/1352647211356741633,1203,184,39,,photo,https://pbs.twimg.com/media/EsSlopLUYAA9gEN?format=jpg&name=large,Starbucks_media/s1352647211356741633.jpg
s1351560051828264960,2021-01-19 16:00:01+00:00,It‚Äôs never too cold for Cold Brew. Vanilla Sweet Cream Cold Brew ‚ùÑÔ∏è https://t.co/kcYb1uaMpf,https://twitter.com/Starbucks/status/1351560051828264960,2029,201,95,,photo,https://pbs.twimg.com/media/EsGzdGXUYAEfj7m?format=jpg&name=large,Starbucks_media/s1351560051828264960.jpg
s1350110500663615488,2021-01-15 16:00:01+00:00,Get that to-do list done with the non-dairy Honey Almondmilk Flat White. üçØ [US only] https://t.co/2hPCVCWSX3,https://twitter.com/Starbucks/status/1350110500663615488,557,62,58,,video,https://video.twimg.com/ext_tw_video/1349870467138506752/pu/vid/720x720/m7zNtuivrPrZ7DFz.mp4?tag=10,Starbucks_media/s1350110500663615488.mp4
s1349748107404341249,2021-01-14 16:00:00+00:00,"Something for every cold coffee lover. 

Find these five Cold Brews in the Starbucks app. 
‚ùÑÔ∏è Salted Caramel Cream Cold Brew
‚ùÑÔ∏è Nitro Cold Brew
‚ùÑÔ∏è Honey Almondmilk Cold Brew
‚ùÑÔ∏è Cold Brew, add Vanilla Sweet Cream Cold Foam 
‚ùÑÔ∏è Cold Brew, add Cold Foam https://t.co/kEoHQiGkKu",https://twitter.com/Starbucks/status/1349748107404341249,764,90,47,,photo,https://pbs.twimg.com/media/Erpp2sfVcAAX8A5?format=jpg&name=large,Starbucks_media/s1349748107404341249.jpg
s1349038430664204298,2021-01-12 17:00:00+00:00,"Because there‚Äôs always time for some you time, the new Pistachio Latte is perfect any time of day. üíö https://t.co/Qjut4MviV7",https://twitter.com/Starbucks/status/1349038430664204298,1585,131,158,,video,https://video.twimg.com/ext_tw_video/1348785783281315841/pu/vid/720x720/895PHxP7oqfkxjHn.mp4?tag=10,Starbucks_media/s1349038430664204298.mp4
s1347714667603365890,2021-01-09 01:19:50+00:00,https://t.co/XyVJVcDzDe,https://twitter.com/Starbucks/status/1347714667603365890,9409,804,362,,photo,https://pbs.twimg.com/media/ErQLO5gVEAAZcUi?format=jpg&name=large,Starbucks_media/s1347714667603365890.jpg
s1346849008526872579,2021-01-06 16:00:01+00:00,"Uh huh, honey. The new, non-dairy Honey Almondmilk Cold Brew is here.‚Äã Enjoy our classic Cold Brew paired with honey and topped with almondmilk for a creamy finish. ‚ú® [US only] https://t.co/DLQ0OOANhT",https://twitter.com/Starbucks/status/1346849008526872579,1176,96,58,,photo,https://pbs.twimg.com/media/ErALhKVXYAIdWLs?format=jpg&name=large,Starbucks_media/s1346849008526872579.jpg
s1346456417910353923,2021-01-05 14:00:00+00:00,"Introducing the all new Pistachio Latte. Start your new year off with sips of creamy, dreamy deliciousness sprinkled with a brown-buttery topping. üíö [US + Canada] https://t.co/VJayC2Q7ye",https://twitter.com/Starbucks/status/1346456417910353923,3619,250,402,,video,https://video.twimg.com/ext_tw_video/1346219495585509376/pu/vid/320x320/fJ_XSTcdUtN6GuGc.mp4?tag=10,Starbucks_media/s1346456417910353923.mp4
